subCategory,articleType
Accessories,Accessory Gift Set
Accessories,Hair Accessory
Accessories,Key chain
Accessories,Messenger Bag
Accessories,Travel Accessory
Apparel Set,Clothing Set
Apparel Set,Kurta Sets
Bags,Backpacks
Bags,Clutches
Bags,Duffel Bag
Bags,Handbags
Bags,Laptop Bag
Bags,Messenger Bag
Bags,Mobile Pouch
Bags,Rucksacks
Bags,Tablet Sleeve
Bags,Travel Accessory
Bags,Trolley Bag
Bags,Waist Pouch
Bags,Wallets
Belts,Belts
Belts,Tshirts
Bottomwear,Capris
Bottomwear,Churidar
Bottomwear,Jeans
Bottomwear,Jeggings
Bottomwear,Leggings
Bottomwear,Patiala
Bottomwear,Rain Trousers
Bottomwear,Salwar
Bottomwear,Salwar and Dupatta
Bottomwear,Shorts
Bottomwear,Skirts
Bottomwear,Stockings
Bottomwear,Tights
Bottomwear,Track Pants
Bottomwear,Tracksuits
Bottomwear,Trousers
Dress,Dresses
Dress,Jumpsuit
Flip Flops,Flip Flops
Gloves,Gloves
Headwear,Caps
Headwear,Hat
Mufflers,Mufflers
Sandal,Flip Flops
Sandal,Sandals
Sandal,Sports Sandals
Saree,Sarees
Scarves,Scarves
Shoes,Casual Shoes
Shoes,Flats
Shoes,Formal Shoes
Shoes,Heels
Shoes,Sandals
Shoes,Sports Shoes
Socks,Booties
Socks,Socks
Ties,Ties
Topwear,Belts
Topwear,Blazers
Topwear,Dresses
Topwear,Dupatta
Topwear,Jackets
Topwear,Kurtas
Topwear,Kurtis
Topwear,Lehenga Choli
Topwear,Nehru Jackets
Topwear,Rain Jacket
Topwear,Rompers
Topwear,Shirts
Topwear,Shrug
Topwear,Suspenders
Topwear,Sweaters
Topwear,Sweatshirts
Topwear,Tops
Topwear,Tshirts
Topwear,Tunics
Topwear,Waistcoat
Watches,Watches
