Subcategory,Article Type
Topwear,Shirts
Topwear,Tshirts
Topwear,Tops
Topwear,Sweatshirts
Topwear,Kurtas
Topwear,Waistcoat
Topwear,Rain Jacket
Topwear,Blazers
Topwear,Shrug
Topwear,Dupatta
Topwear,Tunics
Topwear,Jackets
Topwear,Sweaters
Topwear,Kurtis
Topwear,Suspenders
Topwear,Nehru Jackets
Topwear,Rompers
Topwear,Dresses
Topwear,Lehenga Choli
Topwear,Belts
Topwear,Suits
Bottomwear,Jeans
Bottomwear,Track Pants
Bottomwear,Shorts
Bottomwear,Skirts
Bottomwear,Trousers
Bottomwear,Capris
Bottomwear,Tracksuits
Bottomwear,Swimwear
Bottomwear,Leggings
Bottomwear,Salwar and Dupatta
Bottomwear,Patiala
Bottomwear,Stockings
Bottomwear,Tights
Bottomwear,Churidar
Bottomwear,Salwar
Bottomwear,Jeggings
Bottomwear,Rain Trousers
Watches,Watches
Socks,Socks
Socks,Booties
Shoes,Casual Shoes
Shoes,Formal Shoes
Shoes,Flats
Shoes,Sports Shoes
Shoes,Heels
Shoes,Sandals
Belts,Belts
Belts,Tshirts
Flip Flops,Flip Flops
Bags,Handbags
Bags,Laptop Bag
Bags,Clutches
Bags,Backpacks
Bags,Duffel Bag
Bags,Trolley Bag
Bags,Mobile Pouch
Bags,Messenger Bag
Bags,Tablet Sleeve
Bags,Wallets
Bags,Waist Pouch
Bags,Rucksacks
Bags,Travel Accessory
Innerwear,Bra
Innerwear,Briefs
Innerwear,Innerwear Vests
Innerwear,Camisoles
Innerwear,Boxers
Innerwear,Trunk
Innerwear,Shapewear
Sandal,Sandals
Sandal,Sports Sandals
Sandal,Flip Flops
Shoe Accessories,Shoe Accessories
Shoe Accessories,Shoe Laces
Fragrance,Deodorant
Fragrance,Perfume and Body Mist
Fragrance,Fragrance Gift Set
Jewellery,Bracelet
Jewellery,Pendant
Jewellery,Ring
Jewellery,Earrings
Jewellery,Jewellery Set
Jewellery,Necklace and Chains
Jewellery,Bangle
Lips,Lipstick
Lips,Lip Gloss
Lips,Lip Care
Lips,Lip Liner
Lips,Lip Plumper
Saree,Sarees
Eyewear,Sunglasses
Nails,Nail Polish
Scarves,Scarves
Dress,Dresses
Dress,Jumpsuit
Loungewear and Nightwear,Night suits
Loungewear and Nightwear,Bath Robe
Loungewear and Nightwear,Lounge Pants
Loungewear and Nightwear,Nightdress
Loungewear and Nightwear,Baby Dolls
Loungewear and Nightwear,Robe
Loungewear and Nightwear,Lounge Tshirts
Loungewear and Nightwear,Lounge Shorts
Loungewear and Nightwear,Shorts
Wallets,Wallets
Apparel Set,Kurta Sets
Apparel Set,Clothing Set
Apparel Set,Swimwear
Headwear,Caps
Headwear,Headband
Headwear,Hat
Mufflers,Mufflers
Skin Care,Face Wash and Cleanser
Skin Care,Eye Cream
Skin Care,Face Scrub and Exfoliator
Skin Care,Sunscreen
Skin Care,Mask and Peel
Skin Care,Toner
Skin Care,Face Moisturisers
Skin Care,Mens Grooming Kit
Makeup,Foundation and Primer
Makeup,Highlighter and Blush
Makeup,Compact
Makeup,Kajal and Eyeliner
Makeup,Eyeshadow
Makeup,Concealer
Makeup,Makeup Remover
Free Gifts,Free Gifts
Free Gifts,Ties
Free Gifts,Laptop Bag
Free Gifts,Backpacks
Free Gifts,Clutches
Free Gifts,Handbags
Free Gifts,Scarves
Free Gifts,Wallets
Ties,Ties
Accessories,Travel Accessory
Accessories,Messenger Bag
Accessories,Accessory Gift Set
Accessories,Hair Accessory
Accessories,Key chain
Accessories,Water Bottle
Skin,Face Moisturisers
Skin,Mask and Peel
Skin,Body Lotion
Skin,Face Scrub and Exfoliator
Skin,Face Serum and Gel
Beauty Accessories,Beauty Accessory
Water Bottle,Water Bottle
Eyes,Eyeshadow
Eyes,Kajal and Eyeliner
Eyes,Mascara
Bath and Body,Nail Essentials
Bath and Body,Body Lotion
Bath and Body,Body Wash and Scrub
Gloves,Gloves
Sports Accessories,Wristbands
Cufflinks,Ties and Cufflinks
Cufflinks,Cufflinks
Sports Equipment,Footballs
Sports Equipment,Basketballs
Stoles,Stoles
Hair,Hair Colour
Perfumes,Perfume and Body Mist
Home Furnishing,Cushion Covers
Umbrellas,Umbrellas
Wristbands,Wristbands
Vouchers,Ipad
